vote,created at,comments,title
36,Sun May 13 12:07:24 2018 UTC,26 comments,[SPOILERS] Weekly Rewatch | Season 4 Episode 6: The Laws of Gods and Men
2845,Thu May 17 05:05:19 2018 UTC,79 comments,[SPOILERS] Stannis Bratheon by by Austh
337,Thu May 17 11:59:17 2018 UTC,22 comments,[NO SPOILERS] Duolingo adds high valyrian to it's Android app
110,Thu May 17 15:51:21 2018 UTC,33 comments,[Spoilers] Emilia Clarke says ‘Game of Thrones’ is filming multiple endings — and even the cast doesn’t know which is the real one
2348,Wed May 16 13:10:21 2018 UTC,17 comments,"[NO SPOILERS] Fanart - ""The Winged Shadow"""
25,Thu May 17 11:48:49 2018 UTC,3 comments,[Spoilers] The Meanings of the Family Banners of Westeros
•,Thu May 17 17:44:17 2018 UTC,5 comments,"[SPOILERS] Daenerys only has long haired lovers, that is Ser Jorah’s critical mistake"
•,Thu May 17 19:08:27 2018 UTC,1 comment,"[Spoilers] Cersei’s story is actually really tragic, it’s so good!"
13,Thu May 17 09:37:12 2018 UTC,27 comments,[spoilers] what is the consensus of Dany’s ability to get pregnant/carry to term?
•,Thu May 17 18:35:32 2018 UTC,3 comments,[No Spoilers] Had to get my two favorite action figures.
6,Thu May 17 11:30:40 2018 UTC,2 comments,[SPOILERS] Game of Thrones Season 7 | VFX Breakdown by Rodeo FX
•,Thu May 17 19:29:32 2018 UTC,1 comment,"[No Spoilers] Dallas, Anyone? Con of Thrones 2018"
•,Thu May 17 19:00:40 2018 UTC,2 comments,[SPOILERS] COTF and the end of the show...
19,Thu May 17 02:32:14 2018 UTC,2 comments,[SPOILERS] Robb Stark gets a letter from Alexa
1,Thu May 17 16:48:59 2018 UTC,2 comments,[SPOILERS] Has anyone here done a comprehensive on-screen kill count of Night’s Watchmen for the Battle of Castle Black? (s4:e9 Watchers on the Wall)
118,Wed May 16 14:14:39 2018 UTC,6 comments,"[NO SPOILERS] Jon Snow, painting by Asimov Lives"
1,Thu May 17 15:59:09 2018 UTC,6 comments,[SPOILERS] Was the Battle of the Bastards part of the War of the Five Kings? When did the War of the Five Kings end?
1,Thu May 17 14:26:30 2018 UTC,1 comment,"[SPOILERS] The Night's Rewatch S04E02: The Lion And The Rose, He's Choking"
1,Thu May 17 13:11:12 2018 UTC,10 comments,"[SPOILERS] Dany, Sam, Dickon, Randall"
4941,Tue May 15 14:11:58 2018 UTC,188 comments,[No Spoilers] My girl was hired to work at an event at The House of Blues in Anaheim dressed as Daenerys Targaryen.
18,Wed May 16 18:56:08 2018 UTC,7 comments,"[SPOILERS] I just rewatched this amazing trailer for season 3 in HD quality, it gave me goosebumps. Absolutely stunning quality of production, acting, music. A bit nostalgic and sad to think that this remarkable season came out 5 years ago."
0,Thu May 17 17:16:04 2018 UTC,3 comments,[NO SPOILERS] I just found Tyrion Lennister in my Bathroom Tiles Ornaments
36,Wed May 16 13:02:45 2018 UTC,64 comments,[Spoilers] What are your all-time favourite Scenes in GoT?
4,Thu May 17 01:38:11 2018 UTC,26 comments,[NO SPOILERS] who would win: Arya vs Jon Snow
10,Wed May 16 18:00:31 2018 UTC,19 comments,[SPOILERS] At the end of season 2..
7,Wed May 16 20:37:16 2018 UTC,15 comments,[SPOILERS] Cool aspect of dialogue in Season 6 Episode 10
